Stratum,N,Sensitivity_Recall,FN_Count,FN_Rate,Mean_Prob,Model
All HYP,262,0.4351145038167939,148,0.5648854961832062,0.2344943933816794,ECGResNet-GAP
HYP Isolated (No STTC/CD/MI),56,0.017857142857142856,55,0.9821428571428571,0.0685069469642857,ECGResNet-GAP
HYP + STTC,155,0.6903225806451613,48,0.3096774193548387,0.33305232490967746,ECGResNet-GAP
HYP + CD,75,0.4266666666666667,43,0.5733333333333333,0.2318293829866667,ECGResNet-GAP
HYP + MI,79,0.5443037974683544,36,0.45569620253164556,0.2844773082531646,ECGResNet-GAP
HYP + >=2 Other Classes,89,0.6629213483146067,30,0.3370786516853933,0.32235782493258425,ECGResNet-GAP
All HYP,262,0.4122137404580153,154,0.5877862595419847,0.24597548308778625,InceptionTime1D
HYP Isolated (No STTC/CD/MI),56,0.07142857142857142,52,0.9285714285714286,0.10001688448214287,InceptionTime1D
HYP + STTC,155,0.6387096774193548,56,0.3612903225806452,0.33468211315483876,InceptionTime1D
HYP + CD,75,0.3466666666666667,49,0.6533333333333333,0.23796149924,InceptionTime1D
HYP + MI,79,0.569620253164557,34,0.430379746835443,0.2857740761265823,InceptionTime1D
HYP + >=2 Other Classes,89,0.6179775280898876,34,0.3820224719101124,0.31760857357303374,InceptionTime1D
