model,phenotype,N,condition,lead,lead_type,baseline_sensitivity,masked_sensitivity,mean_prob_drop,median_prob_drop,mean_baseline_prob,mean_masked_prob
ECGResNet-GAP,LVH,214,NONE,NONE,None,0.5046728971962616,0.5046728971962616,0.0,0.0,0.26150932908058167,0.26150932908058167
ECGResNet-GAP,LVH,214,MASK_I,I,Limb,0.5046728971962616,0.5046728971962616,-0.01754915341734886,-0.017426472157239914,0.26150932908058167,0.2790584862232208
ECGResNet-GAP,LVH,214,MASK_II,II,Limb,0.5046728971962616,0.5327102803738317,-0.022030692547559738,-0.014448076486587524,0.26150932908058167,0.2835400104522705
ECGResNet-GAP,LVH,214,MASK_III,III,Limb,0.5046728971962616,0.5093457943925234,-0.004704234655946493,-0.0015591755509376526,0.26150932908058167,0.2662135362625122
ECGResNet-GAP,LVH,214,MASK_aVR,aVR,Limb,0.5046728971962616,0.4392523364485981,0.028704965487122536,0.0177311934530735,0.26150932908058167,0.23280435800552368
ECGResNet-GAP,LVH,214,MASK_aVL,aVL,Limb,0.5046728971962616,0.5373831775700935,-0.01701485551893711,-0.011041194200515747,0.26150932908058167,0.27852416038513184
ECGResNet-GAP,LVH,214,MASK_aVF,aVF,Limb,0.5046728971962616,0.5934579439252337,-0.054768044501543045,-0.04886329919099808,0.26150932908058167,0.316277414560318
ECGResNet-GAP,LVH,214,MASK_V1,V1,Precordial,0.5046728971962616,0.5233644859813084,-0.018989073112607002,-0.019292669370770454,0.26150932908058167,0.2804983854293823
ECGResNet-GAP,LVH,214,MASK_V2,V2,Precordial,0.5046728971962616,0.5654205607476636,-0.03159148618578911,-0.028377799317240715,0.26150932908058167,0.29310083389282227
ECGResNet-GAP,LVH,214,MASK_V3,V3,Precordial,0.5046728971962616,0.4719626168224299,0.0012997261947020888,-0.0008924752473831177,0.26150932908058167,0.2602096199989319
ECGResNet-GAP,LVH,214,MASK_V4,V4,Precordial,0.5046728971962616,0.514018691588785,-0.023357337340712547,-0.021050751209259033,0.26150932908058167,0.28486669063568115
ECGResNet-GAP,LVH,214,MASK_V5,V5,Precordial,0.5046728971962616,0.5,-0.00040780071867629886,-0.004705310799181461,0.26150932908058167,0.2619171142578125
ECGResNet-GAP,LVH,214,MASK_V6,V6,Precordial,0.5046728971962616,0.4532710280373832,0.027733659371733665,0.0118783637881279,0.26150932908058167,0.23377566039562225
ECGResNet-GAP,RVH,12,NONE,NONE,None,0.0,0.0,0.0,0.0,0.08022087812423706,0.08022087812423706
ECGResNet-GAP,RVH,12,MASK_I,I,Limb,0.0,0.0,-0.031397745013237,-0.03263671696186066,0.08022087812423706,0.11161863058805466
ECGResNet-GAP,RVH,12,MASK_II,II,Limb,0.0,0.0,-0.0026641208678483963,-0.0037049930542707443,0.08022087812423706,0.0828850045800209
ECGResNet-GAP,RVH,12,MASK_III,III,Limb,0.0,0.0,-0.0037486169021576643,-0.0019331350922584534,0.08022087812423706,0.08396949619054794
ECGResNet-GAP,RVH,12,MASK_aVR,aVR,Limb,0.0,0.0,-0.007161272689700127,-0.00890854001045227,0.08022087812423706,0.08738216012716293
ECGResNet-GAP,RVH,12,MASK_aVL,aVL,Limb,0.0,0.0,-0.005646729376167059,-0.007343318313360214,0.08022087812423706,0.08586761355400085
ECGResNet-GAP,RVH,12,MASK_aVF,aVF,Limb,0.0,0.0,-0.019768724218010902,-0.018330583348870277,0.08022087812423706,0.09998961538076401
ECGResNet-GAP,RVH,12,MASK_V1,V1,Precordial,0.0,0.0,0.003912398125976324,0.003714572638273239,0.08022087812423706,0.0763084813952446
ECGResNet-GAP,RVH,12,MASK_V2,V2,Precordial,0.0,0.0,-0.004314478486776352,-0.004921466112136841,0.08022087812423706,0.08453536033630371
ECGResNet-GAP,RVH,12,MASK_V3,V3,Precordial,0.0,0.0,-0.018741270527243614,-0.01472182385623455,0.08022087812423706,0.09896215796470642
ECGResNet-GAP,RVH,12,MASK_V4,V4,Precordial,0.0,0.0,-0.01878383196890354,-0.019695118069648743,0.08022087812423706,0.09900470823049545
ECGResNet-GAP,RVH,12,MASK_V5,V5,Precordial,0.0,0.0,-0.026702528819441795,-0.025455975905060768,0.08022087812423706,0.106923408806324
ECGResNet-GAP,RVH,12,MASK_V6,V6,Precordial,0.0,0.0,-0.02475961297750473,-0.027072099968791008,0.08022087812423706,0.10498049110174179
ECGResNet-GAP,LAO/LAE,42,NONE,NONE,None,0.2619047619047619,0.2619047619047619,0.0,0.0,0.17935366928577423,0.17935366928577423
ECGResNet-GAP,LAO/LAE,42,MASK_I,I,Limb,0.2619047619047619,0.23809523809523808,-0.017240896821022034,-0.015291154384613037,0.17935366928577423,0.19659455120563507
ECGResNet-GAP,LAO/LAE,42,MASK_II,II,Limb,0.2619047619047619,0.2619047619047619,-0.008089292794466019,-0.0035528093576431274,0.17935366928577423,0.18744295835494995
ECGResNet-GAP,LAO/LAE,42,MASK_III,III,Limb,0.2619047619047619,0.23809523809523808,-0.0038902724627405405,-0.0020068101584911346,0.17935366928577423,0.18324394524097443
ECGResNet-GAP,LAO/LAE,42,MASK_aVR,aVR,Limb,0.2619047619047619,0.21428571428571427,0.015123828314244747,0.005716213025152683,0.17935366928577423,0.1642298400402069
ECGResNet-GAP,LAO/LAE,42,MASK_aVL,aVL,Limb,0.2619047619047619,0.2857142857142857,-0.015597451478242874,-0.010208602994680405,0.17935366928577423,0.194951131939888
ECGResNet-GAP,LAO/LAE,42,MASK_aVF,aVF,Limb,0.2619047619047619,0.38095238095238093,-0.04418832063674927,-0.04069779813289642,0.17935366928577423,0.2235419899225235
ECGResNet-GAP,LAO/LAE,42,MASK_V1,V1,Precordial,0.2619047619047619,0.2619047619047619,-0.006014083977788687,-0.0022461023181676865,0.17935366928577423,0.18536774814128876
ECGResNet-GAP,LAO/LAE,42,MASK_V2,V2,Precordial,0.2619047619047619,0.2857142857142857,-0.015434478409588337,-0.014582468196749687,0.17935366928577423,0.1947881430387497
ECGResNet-GAP,LAO/LAE,42,MASK_V3,V3,Precordial,0.2619047619047619,0.23809523809523808,-6.697752542095259e-05,-0.004759021103382111,0.17935366928577423,0.17942063510417938
ECGResNet-GAP,LAO/LAE,42,MASK_V4,V4,Precordial,0.2619047619047619,0.2619047619047619,-0.017802445217967033,-0.016759835183620453,0.17935366928577423,0.1971561312675476
ECGResNet-GAP,LAO/LAE,42,MASK_V5,V5,Precordial,0.2619047619047619,0.30952380952380953,-0.017596688121557236,-0.013659387826919556,0.17935366928577423,0.19695036113262177
ECGResNet-GAP,LAO/LAE,42,MASK_V6,V6,Precordial,0.2619047619047619,0.2619047619047619,0.006692304275929928,-0.004153812304139137,0.17935366928577423,0.17266137897968292
InceptionTime1D,LVH,214,NONE,NONE,None,0.49065420560747663,0.49065420560747663,0.0,0.0,0.273009717464447,0.273009717464447
InceptionTime1D,LVH,214,MASK_I,I,Limb,0.49065420560747663,0.4766355140186916,0.011593226343393326,0.005048714578151703,0.273009717464447,0.261416494846344
InceptionTime1D,LVH,214,MASK_II,II,Limb,0.49065420560747663,0.5420560747663551,-0.0039073023945093155,-0.0014355964958667755,0.273009717464447,0.2769170105457306
InceptionTime1D,LVH,214,MASK_III,III,Limb,0.49065420560747663,0.5233644859813084,-0.016758104786276817,-0.012201022356748581,0.273009717464447,0.2897678315639496
InceptionTime1D,LVH,214,MASK_aVR,aVR,Limb,0.49065420560747663,0.4205607476635514,0.04114559292793274,0.03847719356417656,0.273009717464447,0.23186413943767548
InceptionTime1D,LVH,214,MASK_aVL,aVL,Limb,0.49065420560747663,0.5233644859813084,-0.003564652055501938,-0.0034417305141687393,0.273009717464447,0.27657434344291687
InceptionTime1D,LVH,214,MASK_aVF,aVF,Limb,0.49065420560747663,0.5981308411214953,-0.045686911791563034,-0.0359683632850647,0.273009717464447,0.31869664788246155
InceptionTime1D,LVH,214,MASK_V1,V1,Precordial,0.49065420560747663,0.5093457943925234,-0.006713374983519316,-0.008928250521421432,0.273009717464447,0.27972307801246643
InceptionTime1D,LVH,214,MASK_V2,V2,Precordial,0.49065420560747663,0.6261682242990654,-0.05787961184978485,-0.05551192909479141,0.273009717464447,0.33088934421539307
InceptionTime1D,LVH,214,MASK_V3,V3,Precordial,0.49065420560747663,0.514018691588785,-0.010289423167705536,-0.012013113126158714,0.273009717464447,0.28329914808273315
InceptionTime1D,LVH,214,MASK_V4,V4,Precordial,0.49065420560747663,0.5841121495327103,-0.03306446224451065,-0.030872371047735214,0.273009717464447,0.30607420206069946
InceptionTime1D,LVH,214,MASK_V5,V5,Precordial,0.49065420560747663,0.4485981308411215,0.017467064782977104,0.010369427502155304,0.273009717464447,0.2555426359176636
InceptionTime1D,LVH,214,MASK_V6,V6,Precordial,0.49065420560747663,0.5046728971962616,-0.0018558137817308307,-0.0027809441089630127,0.273009717464447,0.2748655378818512
InceptionTime1D,RVH,12,NONE,NONE,None,0.0,0.0,0.0,0.0,0.12180729955434799,0.12180729955434799
InceptionTime1D,RVH,12,MASK_I,I,Limb,0.0,0.08333333333333333,-0.03065093792974949,-0.024189379066228867,0.12180729955434799,0.15245823562145233
InceptionTime1D,RVH,12,MASK_II,II,Limb,0.0,0.0,0.014324944466352463,0.008959926664829254,0.12180729955434799,0.10748235136270523
InceptionTime1D,RVH,12,MASK_III,III,Limb,0.0,0.0,0.0044911103323102,0.0006264597177505493,0.12180729955434799,0.11731618642807007
InceptionTime1D,RVH,12,MASK_aVR,aVR,Limb,0.0,0.08333333333333333,-0.021396657451987267,-0.017316564917564392,0.12180729955434799,0.1432039588689804
InceptionTime1D,RVH,12,MASK_aVL,aVL,Limb,0.0,0.0,-0.005411853548139334,-0.004639655351638794,0.12180729955434799,0.12721915543079376
InceptionTime1D,RVH,12,MASK_aVF,aVF,Limb,0.0,0.08333333333333333,-0.017211193218827248,0.0008721053600311279,0.12180729955434799,0.1390184909105301
InceptionTime1D,RVH,12,MASK_V1,V1,Precordial,0.0,0.0,0.014499012380838394,0.013578047975897789,0.12180729955434799,0.1073082908987999
InceptionTime1D,RVH,12,MASK_V2,V2,Precordial,0.0,0.08333333333333333,-0.012418088503181934,-0.00523902103304863,0.12180729955434799,0.13422538340091705
InceptionTime1D,RVH,12,MASK_V3,V3,Precordial,0.0,0.08333333333333333,-0.009504427202045918,-0.005115680396556854,0.12180729955434799,0.13131172955036163
InceptionTime1D,RVH,12,MASK_V4,V4,Precordial,0.0,0.08333333333333333,-0.016307849436998367,-0.006718769669532776,0.12180729955434799,0.13811515271663666
InceptionTime1D,RVH,12,MASK_V5,V5,Precordial,0.0,0.08333333333333333,-0.022179914638400078,-0.013164900243282318,0.12180729955434799,0.14398720860481262
InceptionTime1D,RVH,12,MASK_V6,V6,Precordial,0.0,0.08333333333333333,-0.042542990297079086,-0.02918272465467453,0.12180729955434799,0.16435028612613678
InceptionTime1D,LAO/LAE,42,NONE,NONE,None,0.19047619047619047,0.19047619047619047,0.0,0.0,0.18807671964168549,0.18807671964168549
InceptionTime1D,LAO/LAE,42,MASK_I,I,Limb,0.19047619047619047,0.16666666666666666,-0.0021967291831970215,-0.007508076727390289,0.18807671964168549,0.1902734488248825
InceptionTime1D,LAO/LAE,42,MASK_II,II,Limb,0.19047619047619047,0.19047619047619047,0.0015429662307724357,0.00887940265238285,0.18807671964168549,0.18653374910354614
InceptionTime1D,LAO/LAE,42,MASK_III,III,Limb,0.19047619047619047,0.21428571428571427,-0.007841154001653194,-0.002735219895839691,0.18807671964168549,0.19591785967350006
InceptionTime1D,LAO/LAE,42,MASK_aVR,aVR,Limb,0.19047619047619047,0.19047619047619047,0.012855748645961285,0.00560436025261879,0.18807671964168549,0.17522096633911133
InceptionTime1D,LAO/LAE,42,MASK_aVL,aVL,Limb,0.19047619047619047,0.23809523809523808,-0.006709747482091188,-0.005875068716704845,0.18807671964168549,0.1947864592075348
InceptionTime1D,LAO/LAE,42,MASK_aVF,aVF,Limb,0.19047619047619047,0.23809523809523808,-0.02887110784649849,-0.017264865338802338,0.18807671964168549,0.21694782376289368
InceptionTime1D,LAO/LAE,42,MASK_V1,V1,Precordial,0.19047619047619047,0.21428571428571427,0.00396394357085228,-0.0005029980093240738,0.18807671964168549,0.1841127574443817
InceptionTime1D,LAO/LAE,42,MASK_V2,V2,Precordial,0.19047619047619047,0.3333333333333333,-0.03297886252403259,-0.02375400811433792,0.18807671964168549,0.22105558216571808
InceptionTime1D,LAO/LAE,42,MASK_V3,V3,Precordial,0.19047619047619047,0.23809523809523808,-0.008752397261559963,-0.006861232221126556,0.18807671964168549,0.19682911038398743
InceptionTime1D,LAO/LAE,42,MASK_V4,V4,Precordial,0.19047619047619047,0.21428571428571427,-0.02053859643638134,-0.016456585377454758,0.18807671964168549,0.20861533284187317
InceptionTime1D,LAO/LAE,42,MASK_V5,V5,Precordial,0.19047619047619047,0.21428571428571427,-0.0042874449864029884,-0.0075500234961509705,0.18807671964168549,0.1923641711473465
InceptionTime1D,LAO/LAE,42,MASK_V6,V6,Precordial,0.19047619047619047,0.19047619047619047,-0.0055325450375676155,-0.010143600404262543,0.18807671964168549,0.19360926747322083
