condition,lead,AUROC_Model_A,AUROC_Inception,AUROC_Diff (Inc - A),AUROC_Diff_95CI,AP_Model_A,AP_Inception,AP_Diff (Inc - A),AP_Diff_95CI,F1_Model_A,F1_Inception,F1_Diff (Inc - A),F1_Diff_95CI,Mean_Drop_Model_A,Mean_Drop_Inception,Mean_Drop_Diff (Inc - A),Mean_Drop_Diff_95CI,Isolated_Sens_Model_A,Isolated_Sens_Inception,Isolated_Sens_Diff (Inc - A),Isolated_Sens_Diff_95CI,Isolated_Drop_Diff (Inc - A),Isolated_Drop_Diff_95CI
NONE,NONE,0.7682203594550197,0.7899132766450865,0.02169291719006683,"[+0.0080, +0.0352]",0.38538927300808146,0.4336887653119923,0.04829949230391084,"[+0.0112, +0.0789]",0.43100189035916825,0.4346076458752515,0.0036057555160832755,"[-0.0410, +0.0424]",0.0,0.0,0.0,"[+0.0000, +0.0000]",0.017857142857142856,0.07142857142857142,0.05357142857142857,"[+0.0000, +0.1154]",0.0,"[+0.0000, +0.0000]"
MASK_I,I,0.762523351692595,0.7779193641897767,0.0153960124971817,"[-0.0017, +0.0320]",0.36972779333713035,0.3982161914230243,0.02848839808589393,"[-0.0127, +0.0645]",0.4021164021164021,0.4189723320158103,0.016855929899408206,"[-0.0216, +0.0572]",-0.022782301530241966,-0.021017806604504585,0.001764494925737381,"[+0.0004, +0.0032]",0.017857142857142856,0.08928571428571429,0.07142857142857142,"[+0.0156, +0.1471]",-0.005335139110684395,"[-0.0122, +0.0014]"
MASK_II,II,0.7701488871710633,0.7912580120462525,0.021109124875189123,"[+0.0086, +0.0336]",0.40270622786756616,0.4383053302752441,0.03559910240767794,"[-0.0028, +0.0715]",0.42805755395683454,0.4490566037735849,0.02099904981675038,"[-0.0176, +0.0603]",-0.006149948108941317,-0.0013792242389172316,0.004770724102854729,"[+0.0036, +0.0059]",0.017857142857142856,0.08928571428571429,0.07142857142857142,"[+0.0156, +0.1458]",0.0041453459998592734,"[-0.0005, +0.0089]"
MASK_III,III,0.7702696717879344,0.7873929043063742,0.017123232518439835,"[+0.0037, +0.0305]",0.3853486854993307,0.4301876023448235,0.04483891684549279,"[+0.0069, +0.0773]",0.42857142857142855,0.43283582089552236,0.004264392324093813,"[-0.0344, +0.0432]",-0.0013434139546006918,-0.006723667494952679,-0.005380253307521343,"[-0.0060, -0.0048]",0.017857142857142856,0.08928571428571429,0.07142857142857142,"[+0.0000, +0.1500]",-0.0062304550083354115,"[-0.0119, -0.0018]"
MASK_aVR,aVR,0.7641398524817213,0.7799123103681516,0.015772457886430225,"[+0.0008, +0.0323]",0.3826477425637081,0.41606243250650693,0.033414689942798836,"[-0.0037, +0.0649]",0.41596638655462187,0.4095860566448802,-0.006380329909741689,"[-0.0467, +0.0352]",0.006640184670686722,0.0035377112217247486,-0.003102473448961973,"[-0.0043, -0.0020]",0.0,0.05357142857142857,0.05357142857142857,"[+0.0000, +0.1200]",-0.00032672046654624864,"[-0.0069, +0.0061]"
MASK_aVL,aVL,0.76451629787097,0.7847336296582601,0.020217331787290127,"[+0.0077, +0.0326]",0.38316374626368943,0.4238054976562841,0.04064175139259468,"[+0.0021, +0.0790]",0.42680776014109345,0.4444444444444444,0.01763668430335097,"[-0.0199, +0.0526]",-0.00822487287223339,-0.005321540869772434,0.0029033320024609566,"[+0.0021, +0.0038]",0.017857142857142856,0.08928571428571429,0.07142857142857142,"[+0.0167, +0.1429]",0.0008204330952139571,"[-0.0021, +0.0039]"
MASK_aVF,aVF,0.7767739234064481,0.7978367475118369,0.021062824105388733,"[+0.0046, +0.0363]",0.40781894759198517,0.4480380724427786,0.04021912485079343,"[+0.0011, +0.0729]",0.43106180665610144,0.4500846023688663,0.019022795712764884,"[-0.0166, +0.0527]",-0.02938978746533394,-0.02299267239868641,0.00639711506664753,"[+0.0053, +0.0075]",0.05357142857142857,0.125,0.07142857142857142,"[+0.0000, +0.1556]",-0.0029052551835775375,"[-0.0114, +0.0056]"
MASK_V1,V1,0.7610819885979321,0.7932086836087223,0.03212669501079024,"[+0.0188, +0.0468]",0.39073554189329535,0.4294771021534272,0.03874156026013187,"[+0.0075, +0.0688]",0.4112478031634446,0.4256120527306968,0.014364249567252185,"[-0.0199, +0.0449]",-0.01817680150270462,-0.00033109926152974367,0.017845701426267624,"[+0.0166, +0.0192]",0.03571428571428571,0.07142857142857142,0.03571428571428571,"[+0.0000, +0.0909]",0.026477092236746103,"[+0.0175, +0.0367]"
MASK_V2,V2,0.7688383740780107,0.7908312397333076,0.0219928656552969,"[+0.0069, +0.0366]",0.40622968488921846,0.4372941451794224,0.031064460290203932,"[+0.0004, +0.0621]",0.4448336252189142,0.4409937888198758,-0.003839836399038399,"[-0.0343, +0.0305]",-0.021904120221734047,-0.029782645404338837,-0.00787852518260479,"[-0.0090, -0.0066]",0.07142857142857142,0.125,0.053571428571428575,"[-0.0200, +0.1346]",0.0014516226947307587,"[-0.0050, +0.0077]"
MASK_V3,V3,0.7689410410023513,0.7911291751215899,0.02218813411923859,"[+0.0070, +0.0367]",0.3918595000497626,0.4330011842546517,0.04114168420488912,"[+0.0041, +0.0762]",0.4181459566074951,0.4227941176470588,0.004648161039563725,"[-0.0310, +0.0467]",-0.002555806888267398,-0.010356413200497627,-0.007800606079399586,"[-0.0086, -0.0070]",0.017857142857142856,0.14285714285714285,0.125,"[+0.0476, +0.2131]",-0.013899092562496662,"[-0.0185, -0.0095]"
MASK_V4,V4,0.7675258479080105,0.7937824105388605,0.026256562630849967,"[+0.0116, +0.0412]",0.38415329929041137,0.43168805256782694,0.047534753277415576,"[+0.0100, +0.0834]",0.40418118466898956,0.44329896907216493,0.03911778440317537,"[+0.0044, +0.0770]",-0.01786957122385502,-0.02391173504292965,-0.006042163819074631,"[-0.0068, -0.0052]",0.03571428571428571,0.16071428571428573,0.125,"[+0.0492, +0.2157]",-0.01233787089586258,"[-0.0171, -0.0083]"
MASK_V5,V5,0.7723511933520147,0.7862736335233678,0.013922440171353023,"[-0.0008, +0.0288]",0.3820481067138519,0.42384097127340703,0.04179286455955511,"[+0.0036, +0.0745]",0.4197080291970803,0.4140786749482402,-0.0056293542488400905,"[-0.0456, +0.0368]",-0.009952760301530361,-0.0094967782497406,0.0004559820517897606,"[-0.0005, +0.0014]",0.03571428571428571,0.05357142857142857,0.017857142857142856,"[-0.0392, +0.0794]",0.0019215578213334084,"[-0.0042, +0.0088]"
MASK_V6,V6,0.761879167069282,0.7800713434470319,0.018192176377749836,"[-0.0034, +0.0367]",0.3699737047026709,0.4169970336286617,0.047023328925990815,"[+0.0079, +0.0854]",0.4087301587301587,0.42344045368620037,0.014710294956041647,"[-0.0290, +0.0619]",-0.0009364403667859733,-0.025906121358275414,-0.02496968023478985,"[-0.0263, -0.0237]",0.017857142857142856,0.125,0.10714285714285715,"[+0.0333, +0.1931]",-0.03484723484143615,"[-0.0425, -0.0274]"
