model,condition,lead,lead_type,mean_global_delta,median_global_delta,std_global_delta,mean_abs_delta,hyp_auroc,hyp_ap,hyp_f1,hyp_recall,hyp_specificity
ECGResNet-GAP,NONE,NONE,None,0.0,0.0,0.0,0.0,0.7682203594550197,0.38538927300808146,0.43100189035916825,0.4351145038167939,0.9193037974683544
ECGResNet-GAP,MASK_I,I,Limb,0.022782301530241966,0.019018515944480896,0.027432376518845558,0.02703157812356949,0.762523351692595,0.36972779333713035,0.4021164021164021,0.4351145038167939,0.8992616033755274
ECGResNet-GAP,MASK_II,II,Limb,0.006149948108941317,0.0015576332807540894,0.024630801752209663,0.013737613335251808,0.7701488871710633,0.40270622786756616,0.42805755395683454,0.4541984732824427,0.9077004219409283
ECGResNet-GAP,MASK_III,III,Limb,0.0013434139546006918,-0.0005999531131237745,0.010160733014345169,0.00620103208348155,0.7702696717879344,0.3853486854993307,0.42857142857142855,0.4351145038167939,0.9177215189873418
ECGResNet-GAP,MASK_aVR,aVR,Limb,-0.006640184670686722,0.0005123354494571686,0.030451880767941475,0.01696930080652237,0.7641398524817213,0.3826477425637081,0.41596638655462187,0.37786259541984735,0.9393459915611815
ECGResNet-GAP,MASK_aVL,aVL,Limb,0.00822487287223339,0.0028110183775424957,0.01735585369169712,0.01162958238273859,0.76451629787097,0.38316374626368943,0.42680776014109345,0.4618320610687023,0.9029535864978903
ECGResNet-GAP,MASK_aVF,aVF,Limb,0.02938978746533394,0.02017149329185486,0.03084143064916134,0.030623137950897217,0.7767739234064481,0.40781894759198517,0.43106180665610144,0.5190839694656488,0.8771097046413502
ECGResNet-GAP,MASK_V1,V1,Precordial,0.01817680150270462,0.014282630756497383,0.031349293887615204,0.026125740259885788,0.7610819885979321,0.39073554189329535,0.4112478031634446,0.44656488549618323,0.8997890295358649
ECGResNet-GAP,MASK_V2,V2,Precordial,0.021904120221734047,0.01698833517730236,0.026479262858629227,0.026027442887425423,0.7688383740780107,0.40622968488921846,0.4448336252189142,0.4847328244274809,0.9040084388185654
ECGResNet-GAP,MASK_V3,V3,Precordial,0.002555806888267398,0.0036918101832270622,0.01729319430887699,0.011936481110751629,0.7689410410023513,0.3918595000497626,0.4181459566074951,0.40458015267175573,0.9266877637130801
ECGResNet-GAP,MASK_V4,V4,Precordial,0.01786957122385502,0.01376240886747837,0.01949045993387699,0.019621511921286583,0.7675258479080105,0.38415329929041137,0.40418118466898956,0.44274809160305345,0.8966244725738397
ECGResNet-GAP,MASK_V5,V5,Precordial,0.009952760301530361,0.008205596357584,0.021922163665294647,0.016609784215688705,0.7723511933520147,0.3820481067138519,0.4197080291970803,0.4389312977099237,0.9098101265822784
ECGResNet-GAP,MASK_V6,V6,Precordial,0.0009364403667859733,0.004864045884460211,0.03520637005567551,0.020689832046628,0.761879167069282,0.3699737047026709,0.4087301587301587,0.3931297709923664,0.9266877637130801
InceptionTime1D,NONE,NONE,None,0.0,0.0,0.0,0.0,0.7899132766450865,0.4336887653119923,0.4346076458752515,0.4122137404580153,0.9330168776371308
InceptionTime1D,MASK_I,I,Limb,0.021017806604504585,0.025092564523220062,0.03288643807172775,0.03181938827037811,0.7779193641897767,0.3982161914230243,0.4189723320158103,0.40458015267175573,0.9272151898734177
InceptionTime1D,MASK_II,II,Limb,0.0013792242389172316,0.00018361583352088928,0.029788274317979813,0.017394885420799255,0.7912580120462525,0.4383053302752441,0.4490566037735849,0.4541984732824427,0.9214135021097046
InceptionTime1D,MASK_III,III,Limb,0.006723667494952679,0.0032987166196107864,0.014445045031607151,0.00911575648933649,0.7873929043063742,0.4301876023448235,0.43283582089552236,0.44274809160305345,0.9166666666666666
InceptionTime1D,MASK_aVR,aVR,Limb,-0.0035377112217247486,0.005272355861961842,0.03363081440329552,0.020476877689361572,0.7799123103681516,0.41606243250650693,0.4095860566448802,0.35877862595419846,0.945675105485232
InceptionTime1D,MASK_aVL,aVL,Limb,0.005321540869772434,0.0039678532630205154,0.015072471462190151,0.010658450424671173,0.7847336296582601,0.4238054976562841,0.4444444444444444,0.44274809160305345,0.9240506329113924
InceptionTime1D,MASK_aVF,aVF,Limb,0.02299267239868641,0.017544254660606384,0.025654565542936325,0.02441292256116867,0.7978367475118369,0.4480380724427786,0.4500846023688663,0.5076335877862596,0.8966244725738397
InceptionTime1D,MASK_V1,V1,Precordial,0.00033109926152974367,0.0020387619733810425,0.024552548304200172,0.01651221141219139,0.7932086836087223,0.4294771021534272,0.4256120527306968,0.4312977099236641,0.9177215189873418
InceptionTime1D,MASK_V2,V2,Precordial,0.029782645404338837,0.019390173256397247,0.03134768083691597,0.03048631176352501,0.7908312397333076,0.4372941451794224,0.4409937888198758,0.5419847328244275,0.8734177215189873
InceptionTime1D,MASK_V3,V3,Precordial,0.010356413200497627,0.008489931002259254,0.016591932624578476,0.014160016551613808,0.7911291751215899,0.4330011842546517,0.4227941176470588,0.4389312977099237,0.9119198312236287
InceptionTime1D,MASK_V4,V4,Precordial,0.02391173504292965,0.020679261535406113,0.01964888721704483,0.024865122511982918,0.7937824105388605,0.43168805256782694,0.44329896907216493,0.49236641221374045,0.8992616033755274
InceptionTime1D,MASK_V5,V5,Precordial,0.0094967782497406,0.013173735700547695,0.02623162791132927,0.021209385246038437,0.7862736335233678,0.42384097127340703,0.4140786749482402,0.3816793893129771,0.9361814345991561
InceptionTime1D,MASK_V6,V6,Precordial,0.025906121358275414,0.02747853472828865,0.03189080208539963,0.03409597650170326,0.7800713434470319,0.4169970336286617,0.42344045368620037,0.42748091603053434,0.9182489451476793
