split,class_name,brier_uncalibrated,brier_calibrated,ece_uncalibrated,ece_calibrated,learned_temperature
validation_fold9,NORM,0.1033858060836792,0.10346193611621857,0.012583086015404883,0.014775319249722463,0.976095548572544
test_fold10,NORM,0.10322491824626923,0.10327288508415222,0.018932414590704764,0.017746952691212972,0.976095548572544
validation_fold9,STTC,0.10243148356676102,0.10256043076515198,0.044151254494753496,0.04417542736102433,0.976095548572544
test_fold10,STTC,0.09908002614974976,0.0991763025522232,0.03343965660045277,0.03655338121804238,0.976095548572544
validation_fold9,CD,0.08378701657056808,0.08354050666093826,0.03764926184937428,0.03442984832865632,0.976095548572544
test_fold10,CD,0.09182926267385483,0.09165354818105698,0.030043417316851957,0.026823929917547194,0.976095548572544
validation_fold9,MI,0.10194344818592072,0.1018361896276474,0.03265992949741918,0.029595616966215172,0.976095548572544
test_fold10,MI,0.09964118152856827,0.09947503358125687,0.03252679876727677,0.03009800334220219,0.976095548572544
validation_fold9,HYP,0.09531110525131226,0.0953855812549591,0.019993143848804035,0.023981674443253373,0.976095548572544
test_fold10,HYP,0.09078029543161392,0.0908336490392685,0.019583076494120135,0.02313002713708219,0.976095548572544
validation_fold9,MACRO_AVERAGE,0.09737177193164825,0.09735692888498307,0.029407335141151174,0.029391577269774333,0.976095548572544
test_fold10,MACRO_AVERAGE,0.0969111368060112,0.09688228368759155,0.026905072753881282,0.026870458861217382,0.976095548572544
