model,class,auroc,average_precision
ECGResNet-GAP,NORM,0.9316266722280879,0.905041983780801
ECGResNet-GAP,STTC,0.9167887045846002,0.7792823929062183
ECGResNet-GAP,CD,0.9024834051473158,0.8065848696024029
ECGResNet-GAP,MI,0.9150655811849842,0.7906458087419773
ECGResNet-GAP,HYP,0.7682203594550197,0.38538927300808146
ECGResNet-Attention,NORM,0.9408247413721936,0.9198142960546736
ECGResNet-Attention,STTC,0.928437512091427,0.8226389446232103
ECGResNet-Attention,CD,0.9060025328985676,0.8210237142530161
ECGResNet-Attention,MI,0.9190208050655811,0.8166965705074603
ECGResNet-Attention,HYP,0.7950808451702259,0.4417098279099944
XResNet1D,NORM,0.9161355075014014,0.8815299303207151
XResNet1D,STTC,0.9153734946539771,0.7811399543696211
XResNet1D,CD,0.8990237180233687,0.7847530759672271
XResNet1D,MI,0.8791451831750339,0.7563115906181587
XResNet1D,HYP,0.7778992334202982,0.43420729048419887
InceptionTime,NORM,0.9384689581459611,0.9110631019037824
InceptionTime,STTC,0.9275534455730428,0.813279542084896
InceptionTime,CD,0.920036586312643,0.843271927726331
InceptionTime,MI,0.9194029850746269,0.8166357108418707
InceptionTime,HYP,0.7899132766450865,0.4336887653119923
