model_1,model_2,pearson_r
ECGResNet-GAP,ECGResNet-GAP,0.9999999999999999
ECGResNet-GAP,ECGResNet-Attention,0.9328912429139649
ECGResNet-GAP,XResNet1D,0.8858947798486199
ECGResNet-GAP,InceptionTime,0.9410415318314177
ECGResNet-Attention,ECGResNet-GAP,0.9328912429139649
ECGResNet-Attention,ECGResNet-Attention,1.0
ECGResNet-Attention,XResNet1D,0.8862552772278799
ECGResNet-Attention,InceptionTime,0.9298891950509995
XResNet1D,ECGResNet-GAP,0.8858947798486199
XResNet1D,ECGResNet-Attention,0.8862552772278799
XResNet1D,XResNet1D,1.0
XResNet1D,InceptionTime,0.8737751578406484
InceptionTime,ECGResNet-GAP,0.9410415318314177
InceptionTime,ECGResNet-Attention,0.9298891950509995
InceptionTime,XResNet1D,0.8737751578406484
InceptionTime,InceptionTime,1.0
