model_1,model_2,comparison,metric,observed_delta,bootstrap_mean_delta,ci_lower_2.5,ci_upper_97.5,prob_model1_gt_model2,statistical_significance
ECGResNet-Attention,ECGResNet-GAP,ECGResNet-Attention vs ECGResNet-GAP,macro_auroc,0.011036342799597643,0.01104410217604965,0.006952320159884226,0.015222934906063704,1.0,Significant (Positive)
ECGResNet-Attention,ECGResNet-GAP,ECGResNet-Attention vs ECGResNet-GAP,macro_ap,0.030987805061774787,0.030612231093856627,0.020495814635686456,0.04200283762360769,1.0,Significant (Positive)
ECGResNet-Attention,ECGResNet-GAP,ECGResNet-Attention vs ECGResNet-GAP,macro_f1,0.014449664146564456,0.014546311817338826,0.0031882541539384863,0.026407156735561946,0.996,Significant (Positive)
ECGResNet-Attention,XResNet1D,ECGResNet-Attention vs XResNet1D,macro_auroc,0.020357859964783453,0.020392662889437845,0.015432065284342688,0.025452375403282223,1.0,Significant (Positive)
ECGResNet-Attention,XResNet1D,ECGResNet-Attention vs XResNet1D,macro_ap,0.036788302317686816,0.0364924916123786,0.024951128847632068,0.04714561137402012,1.0,Significant (Positive)
ECGResNet-Attention,XResNet1D,ECGResNet-Attention vs XResNet1D,macro_f1,0.03714420412148334,0.03705166116875857,0.024594458821006162,0.04949082638948902,1.0,Significant (Positive)
ECGResNet-Attention,InceptionTime1D,ECGResNet-Attention vs InceptionTime1D,macro_auroc,-0.0012017630306728755,-0.0011170395888355042,-0.0054917258030419,0.0038012211416460187,0.315,Not Significant (Inconclusive)
ECGResNet-Attention,InceptionTime1D,ECGResNet-Attention vs InceptionTime1D,macro_ap,0.000788861095896487,0.0010163378172000199,-0.008733072622150142,0.01083251536871884,0.595,Not Significant (Inconclusive)
ECGResNet-Attention,InceptionTime1D,ECGResNet-Attention vs InceptionTime1D,macro_f1,-0.0018553129345439956,-0.0016483843663087211,-0.013361117448366138,0.009943605508550788,0.384,Not Significant (Inconclusive)
InceptionTime1D,ECGResNet-GAP,InceptionTime1D vs ECGResNet-GAP,macro_auroc,0.012238105830270518,0.012161141764885156,0.0076528130267698394,0.016630668685844646,1.0,Significant (Positive)
InceptionTime1D,ECGResNet-GAP,InceptionTime1D vs ECGResNet-GAP,macro_ap,0.0301989439658783,0.029595893276656602,0.01766459849339111,0.04067886755688424,1.0,Significant (Positive)
InceptionTime1D,ECGResNet-GAP,InceptionTime1D vs ECGResNet-GAP,macro_f1,0.01630497708110845,0.016194696183647543,0.0035192729966819075,0.028705537512575704,0.995,Significant (Positive)
InceptionTime1D,XResNet1D,InceptionTime1D vs XResNet1D,macro_auroc,0.02155962299545633,0.021509702478273347,0.015573731348996728,0.02762563300971464,1.0,Significant (Positive)
InceptionTime1D,XResNet1D,InceptionTime1D vs XResNet1D,macro_ap,0.03599944122179033,0.03547615379517857,0.023327702567274716,0.04816518503667567,1.0,Significant (Positive)
InceptionTime1D,XResNet1D,InceptionTime1D vs XResNet1D,macro_f1,0.03899951705602733,0.03870004553506729,0.02518550763766586,0.051121054268676976,1.0,Significant (Positive)
ECGResNet-GAP,XResNet1D,ECGResNet-GAP vs XResNet1D,macro_auroc,0.00932151716518581,0.009348560713388196,0.003481046891039935,0.014650264169828642,0.999,Significant (Positive)
ECGResNet-GAP,XResNet1D,ECGResNet-GAP vs XResNet1D,macro_ap,0.005800497255912029,0.005880260518521972,-0.009078034015955302,0.018419675626345146,0.797,Not Significant (Inconclusive)
ECGResNet-GAP,XResNet1D,ECGResNet-GAP vs XResNet1D,macro_f1,0.02269453997491888,0.022505349351419745,0.009200144470673072,0.03521739813649643,1.0,Significant (Positive)
