class_name,metric,observed_delta,bootstrap_mean_delta,ci_lower_2.5,ci_upper_97.5,prob_attention_gt_gap,statistical_significance
NORM,auroc,0.009198069144105814,0.009192056484044562,0.004802371907826811,0.013808536888833812,1.0,Significant (Positive)
NORM,ap,0.014772312273872656,0.014826631434439921,0.007244804143160094,0.02305446926902532,1.0,Significant (Positive)
NORM,f1,0.002428074033351657,0.0023710179584886257,-0.009244323911248372,0.014735477252857542,0.661,Not Significant
STTC,auroc,0.011648807506826842,0.011586565957872896,0.0055975996771470415,0.0173994180928815,1.0,Significant (Positive)
STTC,ap,0.04335655171699204,0.04320909557041892,0.024950729292091085,0.06044907643358621,1.0,Significant (Positive)
STTC,f1,0.02511499448622556,0.025656548341803052,0.006326299861798635,0.046788895134701275,0.994,Significant (Positive)
CD,auroc,0.0035191277512518493,0.003555237932280452,-0.004815406420578608,0.011867604143290083,0.806,Not Significant
CD,ap,0.01443884465061318,0.014578490164373584,0.001296030396162856,0.02733873468430986,0.986,Significant (Positive)
CD,f1,0.023656265017744427,0.023932453163515905,0.00339482457308423,0.045410333873234746,0.989,Significant (Positive)
MI,auroc,0.003955223880596992,0.00387266131684037,-0.002568157974093618,0.010631365320223844,0.869,Not Significant
MI,ap,0.026050761765482933,0.025392454538706356,0.007422926827776483,0.04277158722951334,0.996,Significant (Positive)
MI,f1,-0.009995327065793314,-0.010501901389212446,-0.034036689044217125,0.012702569752259703,0.167,Not Significant
HYP,auroc,0.026860485715206273,0.027013989189209952,0.013801707560436994,0.041585262007633156,1.0,Significant (Positive)
HYP,ap,0.056320554901912956,0.05505448376134434,0.018627586874168073,0.08988154592377809,0.999,Significant (Positive)
HYP,f1,0.03104431426129378,0.03127344101209897,-0.00526154693204692,0.06669124885476276,0.948,Not Significant
