Metric,Baseline GAP (Model A),Attention Pooling (Model B),Difference
Test Accuracy,0.6757,0.7195914577530177,0.043891457753017726
Macro F1,0.596,0.5933342404942812,-0.00266575950571879
Weighted F1,0.6637,0.6996175091802882,0.03591750918028824
Test Loss,0.9069,0.7768565397519366,-0.13004346024806346
NORM F1,0.7745,0.8492307692307692,0.07473076923076927
STTC F1,0.6012,0.5341488277268094,-0.06705117227319057
CD F1,0.6481,0.7609427609427609,0.11284276094276091
MI F1,0.5489,0.558974358974359,0.010074358974358932
HYP F1,0.4072,0.26337448559670784,-0.14382551440329217
Representation Mean Cosine,0.972,0.5193420648574829,-0.45265793514251706
Feature Standard Deviation,0.0033,0.21462015807628632,0.21132015807628632
Same-Class Cosine,0.9756,0.7813950777053833,-0.19420492229461672
Different-Class Cosine,0.9703,0.3950619399547577,-0.5752380600452424
Class Geometry Gap,0.0053,0.3863331377506256,0.3810331377506256
Linear Probe Macro F1,0.5092,0.584267303492564,0.07506730349256396
