Class_Pair,Block4_Cos_Sim,Block4_Cos_Dist,Block4_Norm_Euc_Dist,Pool_Cos_Sim,Pool_Cos_Dist,Pool_Norm_Euc_Dist
NORM-STTC,0.9842717051506042,0.015728294849395752,0.1773608922958374,0.9961632490158081,0.0038367509841918945,0.08759859949350357
NORM-CD,0.9906324744224548,0.009367525577545166,0.1368759572505951,0.9960140585899353,0.003985941410064697,0.08928489685058594
NORM-MI,0.9841610193252563,0.015838980674743652,0.17798307538032532,0.9965717792510986,0.003428220748901367,0.08280359953641891
NORM-HYP,0.9842796325683594,0.015720367431640625,0.17731495201587677,0.9967191219329834,0.0032808780670166016,0.08100516349077225
STTC-CD,0.9848452806472778,0.015154719352722168,0.17409765720367432,0.9972602128982544,0.0027397871017456055,0.07402532547712326
STTC-MI,0.978457510471344,0.021542489528656006,0.2075698971748352,0.9987277388572693,0.0012722611427307129,0.05044367164373398
STTC-HYP,0.978513240814209,0.021486759185791016,0.20730148255825043,0.9987473487854004,0.0012526512145996094,0.050054099410772324
CD-MI,0.985493004322052,0.014506995677947998,0.17033463716506958,0.9985628128051758,0.0014371871948242188,0.05361334979534149
CD-HYP,0.9828331470489502,0.017166852951049805,0.18529336154460907,0.9969503879547119,0.003049612045288086,0.07809768617153168
MI-HYP,0.978091835975647,0.021908164024353027,0.20932374894618988,0.998113214969635,0.0018867850303649902,0.06143046170473099
