model,phenotype,N,condition,baseline_sensitivity,masked_sensitivity,mean_prob_drop,median_prob_drop,mean_baseline_prob,mean_masked_prob
ECGResNet-GAP,LVH,214,NONE,0.5046728971962616,0.5046728971962616,0.0,0.0,0.26150932908058167,0.26150932908058167
ECGResNet-GAP,LVH,214,MASK_LIMB,0.5046728971962616,0.7570093457943925,-0.10282919555902481,-0.10368694365024567,0.26150932908058167,0.3643385171890259
ECGResNet-GAP,LVH,214,MASK_PRECORDIAL,0.5046728971962616,0.5420560747663551,-0.012625661678612232,-0.03970428556203842,0.26150932908058167,0.2741349935531616
ECGResNet-GAP,LVH,214,MASK_V1_V2,0.5046728971962616,0.5560747663551402,-0.03103349357843399,-0.035740144550800323,0.26150932908058167,0.29254281520843506
ECGResNet-GAP,LVH,214,MASK_V5_V6,0.5046728971962616,0.42990654205607476,0.026707831770181656,0.005762107670307159,0.26150932908058167,0.2348015010356903
ECGResNet-GAP,LVH,214,MASK_I_AVL,0.5046728971962616,0.5514018691588785,-0.03564758226275444,-0.028827877715229988,0.26150932908058167,0.2971569001674652
ECGResNet-GAP,LVH,214,MASK_V1_V2_V5_V6,0.5046728971962616,0.5654205607476636,-0.012494463473558426,-0.025296330451965332,0.26150932908058167,0.274003803730011
ECGResNet-GAP,RVH,12,NONE,0.0,0.0,0.0,0.0,0.08022087812423706,0.08022087812423706
ECGResNet-GAP,RVH,12,MASK_LIMB,0.0,0.25,-0.1310393065214157,-0.11228959262371063,0.08022087812423706,0.21126019954681396
ECGResNet-GAP,RVH,12,MASK_PRECORDIAL,0.0,0.08333333333333333,-0.0796428844332695,-0.086947500705719,0.08022087812423706,0.15986377000808716
ECGResNet-GAP,RVH,12,MASK_V1_V2,0.0,0.0,0.004054782912135124,0.0005092695355415344,0.08022087812423706,0.07616609334945679
ECGResNet-GAP,RVH,12,MASK_V5_V6,0.0,0.08333333333333333,-0.0633968710899353,-0.049671366810798645,0.08022087812423706,0.14361774921417236
ECGResNet-GAP,RVH,12,MASK_I_AVL,0.0,0.0,-0.038020145148038864,-0.03827185928821564,0.08022087812423706,0.11824104189872742
ECGResNet-GAP,RVH,12,MASK_V1_V2_V5_V6,0.0,0.08333333333333333,-0.06110994890332222,-0.05650477111339569,0.08022087812423706,0.14133082330226898
ECGResNet-GAP,LAO/LAE,42,NONE,0.2619047619047619,0.2619047619047619,0.0,0.0,0.17935366928577423,0.17935366928577423
ECGResNet-GAP,LAO/LAE,42,MASK_LIMB,0.2619047619047619,0.5714285714285714,-0.12033530324697495,-0.12234265357255936,0.17935366928577423,0.2996889650821686
ECGResNet-GAP,LAO/LAE,42,MASK_PRECORDIAL,0.2619047619047619,0.35714285714285715,-0.020814673975110054,-0.04322205111384392,0.17935366928577423,0.20016834139823914
ECGResNet-GAP,LAO/LAE,42,MASK_V1_V2,0.2619047619047619,0.21428571428571427,-0.011462497524917126,-0.013908885419368744,0.17935366928577423,0.19081617891788483
ECGResNet-GAP,LAO/LAE,42,MASK_V5_V6,0.2619047619047619,0.30952380952380953,-0.010631464421749115,-0.028042590245604515,0.17935366928577423,0.18998514115810394
ECGResNet-GAP,LAO/LAE,42,MASK_I_AVL,0.2619047619047619,0.3333333333333333,-0.03637966141104698,-0.029624581336975098,0.17935366928577423,0.21573331952095032
ECGResNet-GAP,LAO/LAE,42,MASK_V1_V2_V5_V6,0.2619047619047619,0.2857142857142857,-0.02528074011206627,-0.03885418176651001,0.17935366928577423,0.2046343982219696
InceptionTime1D,LVH,214,NONE,0.49065420560747663,0.49065420560747663,0.0,0.0,0.273009717464447,0.273009717464447
InceptionTime1D,LVH,214,MASK_LIMB,0.49065420560747663,0.5654205607476636,0.0294809490442276,-0.0026976540684700012,0.273009717464447,0.24352875351905823
InceptionTime1D,LVH,214,MASK_PRECORDIAL,0.49065420560747663,0.6588785046728972,-0.017667025327682495,-0.020969033241271973,0.273009717464447,0.2906767725944519
InceptionTime1D,LVH,214,MASK_V1_V2,0.49065420560747663,0.6214953271028038,-0.0343373566865921,-0.029165679588913918,0.273009717464447,0.3073470890522003
InceptionTime1D,LVH,214,MASK_V5_V6,0.49065420560747663,0.4672897196261682,0.022697048261761665,0.021908611059188843,0.273009717464447,0.2503126561641693
InceptionTime1D,LVH,214,MASK_I_AVL,0.49065420560747663,0.5,0.009398139081895351,-2.4810433387756348e-05,0.273009717464447,0.2636115849018097
InceptionTime1D,LVH,214,MASK_V1_V2_V5_V6,0.49065420560747663,0.6121495327102804,-0.002285600174218416,-0.004165090620517731,0.273009717464447,0.27529531717300415
InceptionTime1D,RVH,12,NONE,0.0,0.0,0.0,0.0,0.12180729955434799,0.12180729955434799
InceptionTime1D,RVH,12,MASK_LIMB,0.0,0.16666666666666666,-0.046809062361717224,-0.0404595322906971,0.12180729955434799,0.1686163693666458
InceptionTime1D,RVH,12,MASK_PRECORDIAL,0.0,0.4166666666666667,-0.07168126106262207,-0.02220914512872696,0.12180729955434799,0.19348858296871185
InceptionTime1D,RVH,12,MASK_V1_V2,0.0,0.0,0.022007232531905174,0.023369958624243736,0.12180729955434799,0.09980005770921707
InceptionTime1D,RVH,12,MASK_V5_V6,0.0,0.16666666666666666,-0.0646456778049469,-0.05271699279546738,0.12180729955434799,0.1864529699087143
InceptionTime1D,RVH,12,MASK_I_AVL,0.0,0.16666666666666666,-0.03673376142978668,-0.032944172620773315,0.12180729955434799,0.15854106843471527
InceptionTime1D,RVH,12,MASK_V1_V2_V5_V6,0.0,0.16666666666666666,-0.053771939128637314,-0.017217081040143967,0.12180729955434799,0.175579234957695
InceptionTime1D,LAO/LAE,42,NONE,0.19047619047619047,0.19047619047619047,0.0,0.0,0.1880767047405243,0.1880767047405243
InceptionTime1D,LAO/LAE,42,MASK_LIMB,0.19047619047619047,0.2857142857142857,-0.005786270834505558,-0.022793080657720566,0.1880767047405243,0.19386298954486847
InceptionTime1D,LAO/LAE,42,MASK_PRECORDIAL,0.19047619047619047,0.2619047619047619,-0.022196749225258827,-0.03290646895766258,0.1880767047405243,0.21027347445487976
InceptionTime1D,LAO/LAE,42,MASK_V1_V2,0.19047619047619047,0.21428571428571427,-0.007381409406661987,-0.012203671038150787,0.1880767047405243,0.19545811414718628
InceptionTime1D,LAO/LAE,42,MASK_V5_V6,0.19047619047619047,0.2619047619047619,-0.007508494891226292,-0.017764993011951447,0.1880767047405243,0.1955852210521698
InceptionTime1D,LAO/LAE,42,MASK_I_AVL,0.19047619047619047,0.21428571428571427,-0.00806727260351181,-0.0225541815161705,0.1880767047405243,0.1961439847946167
InceptionTime1D,LAO/LAE,42,MASK_V1_V2_V5_V6,0.19047619047619047,0.23809523809523808,-0.008250691927969456,-0.01195942796766758,0.1880767047405243,0.19632741808891296
